sample	TME
TCGA-13-1511	F
TCGA-29-1688	IE
TCGA-23-1122	D
TCGA-13-1488	IE
TCGA-24-1565	IE
TCGA-13-1507	IE
TCGA-24-1416	D
TCGA-29-1693	IE/F
TCGA-25-1322	F
TCGA-61-1741	D
TCGA-30-1891	F
TCGA-24-2033	F
TCGA-29-1770	D
TCGA-09-2056	IE
TCGA-29-1769	D
TCGA-25-1318	IE/F
TCGA-29-1768	IE/F
TCGA-13-1409	D
TCGA-29-1697	D
TCGA-13-2060	IE
TCGA-25-1628	D
TCGA-61-1724	D
TCGA-13-1410	D
TCGA-61-2088	D
TCGA-24-2289	F
TCGA-25-2399	D
TCGA-24-2261	IE
TCGA-29-1785	IE
TCGA-29-1696	D
TCGA-24-1430	D
TCGA-61-1910	D
TCGA-25-1313	F
TCGA-61-1914	F
TCGA-24-1562	F
TCGA-25-1623	IE/F
TCGA-24-1555	D
TCGA-24-2290	F
TCGA-25-1329	D
TCGA-13-1489	D
TCGA-36-1580	F
TCGA-25-2396	IE
TCGA-25-2409	IE/F
TCGA-24-1553	IE
TCGA-36-1577	D
TCGA-29-1702	D
TCGA-29-1710	IE/F
TCGA-13-1485	F
TCGA-13-1482	IE
TCGA-13-1487	D
TCGA-24-2024	F
TCGA-36-1578	IE
TCGA-24-1436	IE
TCGA-36-1569	F
TCGA-24-1431	D
TCGA-25-2397	D
TCGA-61-1918	D
TCGA-59-2351	IE
TCGA-24-1422	F
TCGA-29-1705	D
TCGA-29-2427	IE
TCGA-59-2352	F
TCGA-36-1571	D
TCGA-25-2404	D
TCGA-59-2348	D
TCGA-25-1323	D
TCGA-13-1501	D
TCGA-61-1907	IE
TCGA-24-2298	F
TCGA-13-1492	D
TCGA-29-1762	D
TCGA-29-1766	F
TCGA-29-1698	D
TCGA-61-2008	D
TCGA-61-1995	D
TCGA-25-1312	D
TCGA-13-1404	D
TCGA-61-1911	IE
TCGA-61-2094	IE
TCGA-36-1570	D
TCGA-24-1435	F
TCGA-25-1631	D
TCGA-24-1474	D
TCGA-24-1103	D
TCGA-24-1548	D
TCGA-29-1711	F
TCGA-24-1464	IE
TCGA-13-1497	D
TCGA-29-1690	F
TCGA-24-1558	D
TCGA-13-1483	F
TCGA-24-1557	D
TCGA-24-1544	D
TCGA-29-1763	F
11CO008	F
05CO003	F
27CO004	IE/F
05CO053	D
15CO001	D
11CO033	F
11CO031	IE
05CO034	IE
20CO003	IE
14CO003	IE
09CO015	D
09CO018	IE
20CO004	D
11CO047	D
05CO032	IE
20CO007	IE
11CO036	D
11CO043	D
05CO047	D
05CO037	F
15CO002	F
11CO048	IE/F
01CO008	D
05CO020	D
11CO054	IE
01CO022	D
11CO027	D
05CO050	D
11CO007	D
11CO062	D
11CO072	IE
06CO001	D
09CO013	D
06CO002	F
05CO028	IE
11CO018	F
05CO044	D
11CO020	F
01CO006	IE
09CO011	D
09CO008	D
05CO049	IE/F
16CO011	IE/F
09CO019	D
16CO006	D
16CO002	D
14CO005	D
05CO006	D
11CO030	IE/F
11CO051	F
11CO022	D
20CO001	F
11CO052	IE
22CO004	IE
11CO045	F
11CO057	F
01CO005	D
11CO010	D
05CO054	IE
11CO019	F
05CO041	IE
05CO048	D
01CO014	D
21CO007	D
05CO015	IE/F
09CO022	IE
11CO005	F
11CO032	D
21CO006	F
11CO061	IE
11CO039	D
05CO035	F
09CO014	IE/F
05CO029	IE
11CO037	D
09CO005	F
11CO070	IE
11CO021	F
05CO045	IE
01CO015	D
09CO006	D
01CO013	D
11CO058	F
05CO033	F
16CO003	IE/F
11CO053	IE
05CO026	D
11CO044	IE/F
05CO002	F
05CO039	D
05CO011	D
11CO077	F
11CO042	D
01CO019	D
11CO079	D
22CO006	IE/F
02OV044	D
01OV017	D
04OV021	F
04OV045	F
04OV008	F
02OV041	D
17OV028	D
02OV036	D
02OV023	F
02OV006	F
04OV004	D
04OV063	IE/F
17OV030	IE
04OV037	D
04OV044	IE
04OV001	D
17OV039	IE/F
26OV013	F
01OV018	D
04OV048	IE
15OV001	F
04OV050	D
26OV002	D
17OV001	IE
17OV029	D
17OV010	IE
04OV040	F
04OV039	D
04OV055	D
01OV023	IE
01OV026	D
04OV012	IE/F
02OV022	IE
17OV017	D
04OV054	D
18OV001	D
04OV036	D
02OV029	D
17OV014	IE/F
02OV032	IE
04OV049	F
02OV008	D
17OV040	IE/F
17OV018	F
01OV039	IE
17OV036	IE
17OV015	D
02OV005	IE
04OV023	D
04OV053	D
20OV005	D
04OV027	F
04OV011	D
04OV017	D
04OV028	F
01OV007	F
17OV033	D
26OV011	F
01OV030	D
04OV024	D
04OV051	D
04OV057	IE
17OV027	D
02OV046	IE
01OV047	IE/F
26OV008	D
17OV002	D
11OV002	IE
17OV013	F
02OV015	D
14OV011	D
04OV013	IE/F
04OV005	F
04OV031	D
17OV025	IE
17OV011	D
13OV003	IE
04OV058	IE
26OV009	D
04OV018	F
04OV033	F
01OV041	F
14BR014	F
01BR032	D
03BR010	D
03BR006	D
05BR044	D
11BR016	IE
20BR001	D
09BR005	D
05BR026	F
11BR025	D
11BR043	IE
11BR010	F
11BR049	D
11BR024	IE
11BR059	D
11BR004	F
09BR007	D
05BR045	IE
11BR015	D
11BR030	IE
11BR028	D
18BR003	IE
11BR019	IE
11BR018	IE/F
01BR008	IE
11BR011	IE
11BR020	IE/F
05BR003	F
11BR073	IE
01BR040	IE
11BR014	F
11BR027	D
11BR072	F
11BR050	F
18BR019	D
11BR038	F
06BR005	D
16BR012	D
11BR074	F
11BR017	IE
21BR010	D
03BR013	IE/F
01BR015	D
13BR009	D
01BR010	D
11BR022	D
01BR031	D
06BR014	D
22BR005	D
09BR004	D
20BR007	D
11BR036	D
01BR001	D
11BR053	D
11BR013	D
18BR007	IE/F
01BR009	F
11BR031	D
01BR033	IE/F
15BR003	IE/F
11BR060	F
01BR018	IE
06BR003	IE
11BR051	F
18BR009	IE/F
05BR038	D
11BR023	IE
11BR042	D
11BR056	IE/F
01BR026	F
20BR005	D
01BR042	D
14BR005	D
21BR001	IE
18BR017	F
06BR006	IE/F
05BR029	IE
11BR075	D
20BR008	D
11BR055	F
11BR058	F
05BR004	D
01BR030	IE
20BR006	D
01BR044	F
14BR008	F
11BR009	IE
11BR047	D
18BR002	F
22BR006	F
18BR004	D
21BR002	F
09BR001	D
18BR016	D
05BR016	D
05BR005	D
11BR054	D
18BR006	F
11BR040	D
11BR003	IE
01BR020	IE
20BR002	F
01BR017	IE
11BR006	F
03BR005	F
11BR012	D
03BR002	D
01BR043	IE
11BR080	IE
604	D
05BR042	IE
01BR023	D
03BR004	F
05BR009	F
01BR025	D
05BR001	IE/F
01BR027	D
05BR043	D
11BR032	F
18BR010	D
11BR044	D
C3N-00323	D
C3N-00848	D
C3N-00880	D
C3N-00335	IE
C3L-00949	D
C3N-01537	IE
C3L-00780	F
C3N-00328	IE
C3N-00389	D
C3N-00850	D
C3N-00377	D
C3N-00386	F
C3N-00322	D
C3N-00383	D
C3N-00388	D
C3N-00337	D
C3N-00836	IE
C3N-00324	F
C3N-01346	D
C3N-00326	D
C3N-00339	D
C3N-00340	F
C3N-00379	F
C3N-00321	D
C3N-00334	D
C3N-00847	D
C3L-00918	F
C3L-00008	D
C3N-00333	F
C3L-00006	IE
C3L-00032	IE/F
C3L-00090	D
C3L-00098	IE
C3L-00136	IE/F
C3L-00137	D
C3L-00139	D
C3L-00143	IE
C3L-00145	F
C3L-00156	IE
C3L-00161	D
C3L-00358	IE
C3L-00361	D
C3L-00362	D
C3L-00413	F
C3L-00449	IE/F
C3L-00563	D
C3L-00586	IE
C3L-00601	D
C3L-00605	IE
C3L-00767	D
C3L-00769	F
C3L-00770	D
C3L-00771	F
C3L-00781	D
C3L-00905	D
C3L-00921	IE/F
C3L-00932	D
C3L-00942	F
C3L-00946	F
C3L-00947	D
C3L-00961	IE/F
C3L-00963	F
C3L-01246	F
C3L-01248	F
C3L-01249	IE/F
C3L-01252	IE/F
C3L-01256	F
C3L-01257	IE
C3L-01275	F
C3L-01282	IE/F
C3L-01304	IE
C3L-01307	IE
C3L-01311	IE/F
C3L-01312	IE/F
C3L-01744	IE
C3L-01925	D
C3N-00151	D
C3N-00200	D
C3N-00729	F
C3N-00734	D
C3N-00743	D
C3N-00858	IE
C3N-00866	IE
C3N-01003	D
C3N-01211	D
C3N-01212	IE
C3N-01217	D
C3N-01219	IE
C3N-01267	IE/F
C3N-01349	IE
C3N-01510	D
C3N-01520	IE
C3N-01521	IE
C3N-01802	IE
C3N-01825	F
C3L-00766	F
C3L-01885	D
C3N-00313	D
C3N-00315	IE
C3N-01648	IE
C3L-01352	D
C3L-00791	D
C3L-01281	D
C3N-00244	D
C3L-00011	D
C3L-00088	D
C3L-00004	IE
C3N-01175	D
C3L-01557	D
C3N-00492	D
C3N-01361	D
C3L-00183	D
C3L-00448	D
C3L-00010	D
C3L-01560	F
C3L-01882	IE/F
C3L-00561	IE
C3L-00910	F
C3N-00435	D
C3L-00902	D
C3N-01179	D
C3L-00814	IE
C3N-01651	D
C3L-00790	F
C3L-00607	IE
C3N-00380	F
C3N-00154	F
C3N-01178	IE
C3L-00813	D
C3L-00097	D
C3N-00246	D
C3L-00359	D
C3N-00831	F
C3L-00917	IE
C3L-00812	D
C3L-00360	IE
C3L-00026	D
C3L-00817	IE/F
C3L-01553	D
C3L-01313	D
C3L-00096	D
C3N-00491	D
C3N-01213	F
C3L-00800	IE
C3L-00765	F
C3L-00908	IE
C3L-00416	IE
C3N-00495	IE/F
C3L-00799	D
C3N-00242	D
C3N-01180	D
C3L-01288	F
C3L-00792	IE
C3L-00610	D
C3N-01646	D
C3L-00079	IE
C3L-01302	F
C3L-00796	D
C3N-00832	D
C3N-01808	D
C3N-01649	F
C3L-01283	IE
C3N-00834	F
C3N-01176	D
C3N-00305	F
C3L-00103	F
C3L-00369	D
C3L-00418	D
C3L-00447	D
C3L-00581	IE
C3L-00583	D
C3L-00606	D
C3L-00907	IE
C3L-01286	D
C3L-01287	D
C3L-01603	IE
C3L-01607	IE
C3L-01836	IE/F
C3L-01861	F
C3N-00148	IE/F
C3N-00149	D
C3N-00150	IE/F
C3N-00168	IE/F
C3N-00177	IE
C3N-00194	F
C3N-00310	D
C3N-00312	IE
C3N-00314	F
C3N-00317	IE
C3N-00320	D
C3N-00390	IE/F
C3N-00437	IE
C3N-00494	D
C3N-00573	F
C3N-00577	F
C3N-00646	F
C3N-00733	D
C3N-00852	D
C3N-00953	IE
C3N-01200	F
C3N-01214	IE/F
C3N-01220	F
C3N-01261	D
C3N-01522	D
C3N-01524	F
C3N-01021	F
C3N-02588	D
C3N-01405	IE
C3N-01024	D
C3N-01489	IE
C3N-01413	IE/F
C3N-00550	D
C3N-00293	IE/F
C3L-02219	IE
C3L-00095	IE/F
C3L-00094	D
C3N-00552	F
C3N-00560	D
C3N-00572	D
C3N-00738	IE/F
C3N-00551	F
C3L-02365	D
C3N-00704	IE
C3N-02089	D
C3N-02000	IE/F
11LU022	D
C3L-00083	F
C3L-00093	IE/F
11LU035	F
C3N-00433	IE
C3N-00549	D
C3N-01016	D
C3L-00412	F
C3L-01330	D
C3L-02348	IE
C3N-02582	D
C3N-02423	IE
C3N-00959	D
C3N-00223	IE
11LU013	D
C3N-02149	F
C3N-00556	F
C3L-01889	D
11LU016	IE
C3L-00368	IE
C3L-02345	IE/F
C3N-00175	D
C3N-02145	F
C3N-01414	D
C3N-00559	D
C3N-02087	IE/F
C3N-02158	D
C3N-00578	D
C3L-01682	IE
C3N-01071	D
C3L-00279	IE/F
C3N-01023	D
C3L-00080	D
C3L-00144	D
C3L-01683	IE/F
C3N-02421	F
C3N-00574	D
C3L-00604	D
C3N-00579	IE
C3L-00893	D
C3N-00180	D
C3N-02586	IE/F
C3N-02729	F
C3N-02003	IE
C3N-00203	IE
C3N-00737	IE
C3N-00199	D
C3N-01074	D
C3N-02380	F
C3L-01890	D
C3N-01823	D
C3N-01072	D
C3L-00001	F
C3N-01488	F
C3N-00546	IE
C3N-00580	D
C3N-02424	IE
C3L-02350	IE
C3N-02422	D
C3N-02572	F
C3N-00217	D
C3N-00167	D
C3N-01416	IE
C3N-02067	D
C3N-02587	IE
C3N-02155	D
C3L-00140	D
C3L-01632	D
C3L-01862	D
C3L-01924	IE
C3N-01799	IE
C3N-02002	D
C3N-01415	D
C3L-02549	D
C3N-02379	F
C3N-02433	IE/F
C3N-00547	D
C3N-01842	D
C3L-00422	IE
C3L-00263	IE/F
C3L-00009	F
C3N-00294	D
C3N-01410	D
C3N-01030	F
C3N-00169	F
C3L-00973	IE/F
C3L-00913	D
C3L-02508	F
C3L-00510	D
C3N-02529	IE
TCGA-AR-A0TR	D
TCGA-A7-A0CE	D
TCGA-C8-A12P	D
TCGA-C8-A135	D
TCGA-AO-A0J6	IE
TCGA-E2-A159	IE
TCGA-AR-A1AS	D
TCGA-A8-A079	D
TCGA-BH-A18V	F
TCGA-E2-A10A	D
TCGA-AN-A04A	F
TCGA-A8-A06N	D
TCGA-AR-A0TT	IE
TCGA-BH-A18U	D
TCGA-AR-A0U4	F
TCGA-BH-A0HK	D
TCGA-E2-A158	D
TCGA-E2-A15A	D
TCGA-C8-A12Q	F
TCGA-C8-A12U	IE
TCGA-BH-A0E9	F
TCGA-BH-A18R	D
TCGA-AO-A12B	D
TCGA-AO-A126	F
TCGA-A8-A076	D
TCGA-BH-A0DG	F
TCGA-BH-A0BZ	IE
TCGA-BH-A0C0	IE
TCGA-C8-A134	IE
TCGA-D8-A13Y	D
TCGA-A2-A0YC	F
TCGA-A8-A06Z	D
TCGA-A2-A0YD	F
TCGA-C8-A12Z	D
TCGA-AO-A0J9	IE
TCGA-A2-A0T2	D
TCGA-AR-A1AP	D
TCGA-A8-A09G	IE
TCGA-A8-A09I	IE
TCGA-AR-A0TY	D
TCGA-A8-A08Z	F
TCGA-A2-A0YF	D
TCGA-BH-A0C1	D
TCGA-A2-A0D2	D
TCGA-A2-A0T7	D
TCGA-A2-A0YI	IE/F
TCGA-A2-A0SX	IE
TCGA-C8-A12V	IE
TCGA-A2-A0EV	IE/F
TCGA-E2-A150	IE
TCGA-BH-A0E0	D
TCGA-A2-A0D1	D
TCGA-A7-A0CD	D
TCGA-BH-A0EE	IE
TCGA-BH-A0C7	D
TCGA-C8-A138	IE/F
TCGA-AO-A0JE	IE/F
TCGA-AN-A0FK	D
TCGA-AO-A0JL	IE
TCGA-E2-A154	D
TCGA-A2-A0EX	D
TCGA-A2-A0CM	IE
TCGA-BH-A0HP	F
TCGA-BH-A18N	D
TCGA-A7-A13F	D
TCGA-A2-A0T1	IE/F
TCGA-AO-A0JC	IE
TCGA-AN-A0FL	D
TCGA-AO-A12D	IE
TCGA-A2-A0T6	F
TCGA-C8-A131	D
TCGA-C8-A12W	D
TCGA-AO-A12E	F
TCGA-C8-A12T	D
TCGA-BH-A0E1	D
TCGA-AR-A1AW	IE
TCGA-A2-A0EQ	IE
TCGA-A2-A0YL	F
TCGA-A7-A0CJ	D
TCGA-A2-A0EY	D
TCGA-AO-A0JJ	F
TCGA-BH-A18Q	D
TCGA-D8-A142	F
TCGA-A2-A0YG	D
TCGA-AO-A03O	D
TCGA-AO-A0JM	D
TCGA-AR-A1AV	D
TCGA-A2-A0D0	IE
TCGA-C8-A12L	D
TCGA-AN-A0AS	F
TCGA-AO-A12F	D
TCGA-BH-A0BV	F
TCGA-A2-A0T3	D
TCGA-A8-A08G	D
TCGA-AN-A0AM	IE
TCGA-A2-A0SW	IE
TCGA-AR-A0TX	IE
TCGA-C8-A130	D
TCGA-AR-A1AQ	IE
TCGA-BH-A0AV	D
TCGA-AN-A0AL	F
TCGA-AN-A0AJ	IE
TCGA-AR-A0TV	IE
TCGA-BH-A0DD	D
TCGA-A2-A0YM	F
C663585	IE
C59532	F
C623856	IE
C43542	D
C46494	D
C625947	IE
C387450	D
C39606	F
C916473	D
C310083	IE
C262605	IE/F
C686955	D
C22509	D
C30258	D
C28659	D
C146124	IE
C116850	D
C372321	D
C62730	D
C115251	F
C28905	D
C37638	D
C584496	D
C308853	IE
C186837	D
C736401	F
C65559	IE/F
C98031	IE/F
C35670	D
C584865	D
C19680	IE/F
C524349	D
C722502	IE/F
C72570	D
C744888	F
C21402	D
C22263	D
C94956	IE
C216111	D
C112422	D
C71094	IE
C21771	D
C187083	IE
C66420	D
C88683	F
C20172	D
C883632	IE
C25830	D
C95079	D
C25584	D
C431607	IE/F
C91881	F
C374289	IE/F
C112176	IE
C717336	D
C39483	F
C46617	IE
C155103	IE/F
C127182	IE
C393477	IE
C70971	D
C230871	IE/F
C22140	F
C73308	D
C15498	D
C23862	D
C146247	D
C857433	D
C20418	D
C140466	IE/F
C50553	D
C38991	IE
C16605	D
C692613	D
C808110	IE
C650178	IE/F
C46371	IE
C831849	IE/F
C17466	D
C16974	IE/F
C71586	IE/F
C19065	IE/F
C476010	IE
C907125	IE/F
C27798	D
C136284	D
C53382	F
C59409	IE/F
C907371	F
C270477	IE/F
C68634	D
C58056	F
C138990	IE
C48216	D
C607743	D
C114759	F
C15252	D
C818688	F
C626193	IE
C121893	D
C714384	D
C253872	D
C68388	D
C311067	IE
C86100	IE
C70602	IE
C58179	D
C196554	F
C406761	D
C102459	IE
C77367	F
C584742	IE/F
C881049	IE/F
C50799	D
C82164	D
C25461	IE/F
C387573	IE
C37392	IE
C841320	D
C308730	D
C952635	D
C75276	D
C311436	IE
C88314	D
C949929	IE/F
C177366	F
C230994	D
C907617	IE/F
C466170	D
C794457	D
C745011	IE/F
C186714	IE
C182655	IE
C30381	D
C75522	IE
C579945	IE
C15744	D
C35916	IE
C29151	IE
C699624	IE
C829512	D
C84747	D
C78966	IE
C580068	IE
C85731	F
C41451	D
C96186	IE
C584373	D
C33825	F
C82041	IE/F
C466293	IE
C36900	D
C72324	D
C121524	IE/F
C626070	D
C883509	D
C60024	IE
C58917	D
C311559	F
C440832	IE
C78597	F
C29397	D
C720165	IE/F
C30012	D
C121647	F
C136161	IE
C140343	D
C140712	D
C216603	D
C270723	D
C271092	IE/F
C337143	D
C35793	D
C36408	IE/F
C374412	D
C377856	D
C38868	IE/F
C39729	D
C47724	D
C53013	F
C56826	D
C62484	IE/F
C73062	IE/F
C74292	F
C801468	D
C837507	F
C88806	D
C3L-02704	IE/F
C3L-03681	IE
C3L-02984	D
C3L-00365	D
C3L-01146	F
C3L-01049	IE/F
C3L-02504	D
C3N-01366	D
C3N-02183	IE
C3N-01518	IE
C3N-01814	D
C3L-03407	IE/F
C3L-01048	D
C3N-03070	D
C3N-02181	IE/F
C3N-02788	IE
C3L-03728	IE
C3N-02769	F
C3N-00662	D
C3L-02708	D
C3L-01045	D
C3N-01815	IE
C3L-02041	IE
C3L-02542	D
C3N-02784	IE
C3N-01798	F
C3N-00661	IE/F
C3L-01149	D
C3N-01818	D
C3L-02465	IE
C3N-02786	F
C3L-01046	IE
C3L-02970	D
C3N-03183	IE
C3N-02783	IE/F
C3L-03400	IE
C3L-02955	IE
C3N-01515	IE/F
C3L-01040	D
C3L-01834	IE
C3L-02900	IE
C3L-00674	IE/F
C3N-01367	IE
C3N-02188	F
C3N-02782	D
C3L-03266	D
C3L-00677	D
C3N-02770	D
C3N-02186	D
C3L-03260	D
C3N-02255	D
C3L-00104	D
C3L-02642	D
C3L-03405	D
C3N-01334	F
C3L-03968	IE
C3L-01887	D
C3N-00663	F
C3L-02707	D
C3N-03180	IE
C3L-01142	IE/F
C3N-03186	IE/F
C3L-03748	IE/F
C3L-03744	F
C3N-02785	D
C3L-01157	F
C3N-01364	IE
C3N-02185	D
C3L-01154	D
C3L-01043	F
C3L-03392	IE/F
C3N-01368	D
C3N-03184	D
C3L-03390	D
C3L-01156	D
C3L-01061	D
C3N-01196	D
C3L-04084	D
C3L-03387	D
C3N-00665	IE
C3L-02705	F
C3N-03188	F
C3L-01155	IE/F
C3N-01852	D
C3N-01517	D
C3N-03088	IE/F
C3N-03473	D
C3N-01192	IE/F
C3N-01816	IE
C3N-01856	F
C3N-01857	D
C3N-02190	IE
C3N-01505	IE/F
C3L-03727	F
C3L-01327	D
C3N-01851	IE
C3N-03182	IE
C3N-01369	IE/F
C3N-02256	D
C3L-02651	IE
C3N-03837	IE
C3N-04275	IE
C3N-00306	IE/F
C3N-02714	IE/F
C3N-01338	D
C3L-02621	F
C3N-03015	IE
C3N-00829	D
C3N-00295	D
C3N-04279	D
C3L-04025	IE/F
C3N-03849	D
C3N-02730	IE/F
C3N-01757	D
C3N-00519	IE/F
C3N-00828	D
C3N-01946	IE
C3N-03027	D
C3N-04273	D
C3L-04354	F
C3L-04844	D
C3N-03458	D
C3N-01340	F
C3N-00846	IE/F
C3N-03841	IE
C3N-00297	D
C3N-02925	IE
C3N-00857	D
C3N-01945	F
C3L-04791	IE
C3N-03781	F
C3N-03457	F
C3N-03878	D
C3N-00299	IE
C3N-04276	D
C3L-02617	D
C3N-03876	D
C3N-01752	D
C3N-01943	D
C3N-03011	D
C3N-03009	D
C3N-00498	D
C3N-01339	D
C3N-01645	F
C3N-00307	F
C3L-00977	D
C3L-00987	D
C3L-00994	F
C3L-00995	IE
C3L-00997	D
C3L-00999	IE/F
C3L-01138	D
C3L-01237	F
C3L-03378	D
C3L-04849	D
C3N-00204	D
C3N-00822	D
C3N-00825	IE/F
C3N-00871	D
C3N-01337	D
C3N-01620	F
C3N-01754	D
C3N-01755	IE
C3N-01756	D
C3N-01758	IE/F
C3N-01858	D
C3N-01859	IE
C3N-01944	IE
C3N-01947	IE
C3N-01948	IE
C3N-02275	IE
C3N-02279	F
C3N-02333	IE
C3N-02694	IE
C3N-02695	D
C3N-02700	IE
C3N-02713	D
C3N-02716	IE
C3N-02727	F
C3N-03008	D
C3N-03012	D
C3N-03013	IE/F
C3N-03028	D
C3N-03042	D
C3N-03045	D
C3N-03226	IE/F
C3N-03433	IE
C3N-03456	D
C3N-03487	IE
C3N-03488	D
C3N-03490	D
C3N-03612	IE/F
C3N-03619	D
C3N-03620	IE/F
C3N-03664	D
C3N-03782	D
C3N-03783	IE
C3N-03785	D
C3N-03888	IE
C3N-03889	F
C3N-03928	IE
C3N-03933	F
C3N-04152	D
C3N-04277	IE
C3N-04278	IE
C3N-04280	D
C3N-04611	IE
C3L-00445	D
C3L-01285	D
C3L-02629	IE/F
C3N-02284	D
C3L-02650	F
C3N-03076	D
C3L-02170	IE/F
C3N-03882	D
C3N-01846	F
C3L-02964	IE
C3L-01000	IE
C3N-01893	IE/F
C3L-02164	IE/F
C3N-02289	F
C3N-02374	D
C3N-02283	D
C3L-02968	IE
C3N-03425	F
C3L-01663	F
C3L-01838	F
C3L-00904	IE
C3N-03204	D
C3L-01455	IE/F
C3N-01020	IE
C3L-00965	D
C3N-01028	IE/F
C3N-00221	D
C3N-03886	D
C3N-04124	IE
C3N-03486	IE
C3L-02891	IE/F
C3N-01025	D
C3N-00211	D
C3L-01884	D
C3N-02288	F
C3N-02252	IE
C3N-02494	IE
C3L-00415	D
C3L-03965	D
C3L-02127	D
C3N-04127	F
C3N-02285	F
C3N-02375	D
C3N-03880	IE
C3N-03092	IE
C3N-04155	D
C3N-02675	IE
C3N-02523	D
C3L-03963	IE/F
C3N-01892	IE/F
C3N-03662	D
C3L-02648	D
C3L-02649	D
C3L-00927	D
C3L-02963	IE/F
C3L-04071	IE/F
C3L-04014	D
C3L-03962	D
C3L-02358	D
C3L-04391	F
C3N-03424	IE/F
C3N-00497	IE
C3L-02168	D
C3L-01606	D
C3N-00247	IE
C3N-02426	IE/F
C3L-02552	IE/F
C3N-02425	D
C3L-02349	IE
C3N-01194	IE
C3N-03093	IE/F
C3L-02627	D
C3N-02575	D
C3L-02625	IE
C3L-02665	IE
C3L-03272	IE
C3L-00923	IE
C3N-00555	D
C3N-01411	D
C3L-04013	D
C3L-03678	D
C3L-02646	D
C3L-00081	D
C3N-03877	D
C3N-04162	D
C3N-02434	D
C3N-02435	D
C3N-03848	IE/F
C3L-02163	D
C3N-03875	IE
C3N-03441	IE/F
C3L-00993	D
C3L-00603	D
C3N-03072	D
C3L-02660	F
C3L-02669	F
C3L-02619	D
C3N-01017	D
C3L-00568	IE/F
C3L-02130	F
C3N-03051	D
C3L-02969	IE
C3N-02300	D
C3L-02951	F
C3L-02546	IE/F
C3N-02339	F
C3N-03851	D
C3L-03961	IE/F
PDAC002	D
PDAC003	IE/F
PDAC005	D
PDAC006	D
PDAC007	D
PDAC008	D
PDAC009	IE
PDAC010	D
PDAC011	D
PDAC012	D
PDAC013	D
PDAC015	IE/F
PDAC016	D
PDAC018	D
PDAC019	D
PDAC020	D
PDAC021	D
PDAC022	D
PDAC023	D
PDAC024	D
PDAC025	D
PDAC026	F
PDAC027	IE
PDAC028	D
PDAC029	D
PDAC030	D
PDAC031	IE
PDAC032	IE
PDAC034	IE
PDAC037	IE/F
PDAC041	D
PDAC042	F
PDAC043	IE
PDAC044	F
PDAC045	F
PDAC047	D
PDAC048	D
PDAC049	IE
PDAC050	D
PDAC051	IE/F
PDAC052	IE/F
PDAC053	IE/F
PDAC055	IE/F
PDAC056	D
PDAC057	IE/F
PDAC058	D
PDAC060	D
PDAC061	F
PDAC063	F
PDAC064	IE/F
PDAC065	D
PDAC067	IE
PDAC068	F
PDAC070	D
PDAC073	IE
PDAC074	D
PDAC075	F
PDAC076	D
PDAC078	D
PDAC080	D
PDAC082	D
PDAC083	IE/F
PDAC085	F
PDAC087	D
PDAC089	IE
PDAC093	IE/F
PDAC096	D
PDAC097	F
PDAC098	D
PDAC101	D
PDAC102	IE
PDAC104	D
PDAC106	D
PDAC107	D
PDAC110	D
PDAC112	IE/F
PDAC113	D
PDAC114	IE/F
PDAC115	IE
PDAC116	F
PDAC117	D
PDAC124	F
PDAC126	D
PDAC127	IE/F
PDAC128	IE/F
PDAC129	F
PDAC130	D
PDAC131	IE
PDAC132	D
PDAC133	IE/F
PDAC134	D
PDAC135	IE
PDAC136	D
PDAC137	D
PDAC138	IE
PDAC139	IE/F
PDAC144	D
PDAC145	F
PDAC146	IE/F
PDAC149	IE/F
PDAC151	D
PDAC152	IE/F
PDAC154	IE/F
PDAC155	IE
PDAC156	IE/F
PDAC157	F
PDAC158	D
PDAC159	D
PDAC160	IE
PDAC163	F
PDAC164	IE/F
PDAC165	IE/F
PDAC166	F
PDAC167	D
PDAC168	IE/F
PDAC169	D
PDAC170	IE/F
PDAC173	D
PDAC174	D
PDAC177	IE/F
PDAC178	IE
PDAC179	IE/F
PDAC180	D
PDAC183	IE
PDAC185	IE
PDAC186	D
PDAC189	D
PDAC192	D
PDAC193	IE
PDAC194	IE/F
PDAC195	IE
PDAC196	IE/F
PDAC198	IE
PDAC199	D
PDAC200	IE
PDAC201	IE
PDAC202	IE
PDAC203	F
PDAC204	D
PDAC205	D
PDAC208	F
PDAC209	IE/F
PDAC211	F
PDAC213	IE
PDAC215	D
PDAC216	IE/F
PDAC217	IE/F
PDAC221	D
PDAC223	D
PDAC225	IE/F
PDAC226	IE
PDAC228	IE
PDAC229	F
PDAC232	D
PDAC233	D
PDAC234	D
PDAC236	D
PDAC239	F
PDAC240	IE
PDAC241	IE
PDAC245	IE
PDAC247	F
PDAC248	IE/F
PDAC249	D
PDAC250	IE/F
PDAC251	IE/F
PDAC252	IE
PDAC253	IE/F
PDAC254	IE/F
PDAC255	IE
PDAC256	IE
PDAC257	D
PDAC258	D
PDAC260	IE
PDAC261	IE/F
PDAC262	IE/F
PDAC263	IE
PDAC264	IE/F
PDAC265	F
PDAC266	IE
PDAC267	IE/F
PDAC268	D
PDAC269	IE
PDAC270	F
PDAC271	F
PDAC272	D
PDAC273	D
PDAC274	IE/F
PDAC275	IE/F
PDAC276	F
PDAC277	D
PDAC278	IE/F
PDAC279	IE
PDAC280	IE/F
PDAC281	D
PDAC283	IE/F
C3N-02592	IE/F
C3N-01382	IE
C3L-00189	F
C3N-01165	F
C3L-01453	F
C3N-03426	IE
C3N-02585	D
C3N-00303	IE
C3L-01598	F
C3N-01998	IE
C3L-01051	D
C3N-02573	F
C3N-03211	IE/F
C3N-02295	IE/F
C3L-03639	IE
C3L-03388	D
C3L-00589	D
C3N-00436	F
C3N-03173	D
C3N-01380	F
C3N-03061	F
C3L-01053	IE
C3N-03884	F
C3N-03440	IE
C3N-01012	IE
C3L-01052	IE
C3L-00881	IE
C3N-04284	D
C3N-00957	IE/F
C3L-04072	D
C3N-02768	D
C3N-00709	D
C3L-04495	D
C3N-03670	IE
C3N-01166	F
C3N-01714	IE
C3N-00511	D
C3N-03439	IE
C3L-02109	D
C3L-00625	D
C3N-00518	F
C3N-00198	F
C3L-00277	D
C3N-03069	F
C3L-02613	IE
C3N-00513	IE
C3N-01167	D
C3N-01715	IE
C3L-01328	F
C3N-01719	IE/F
C3L-02112	IE
C3L-03628	F
C3N-03007	D
C3L-02118	D
C3L-01703	F
C3N-03428	IE
C3N-01375	F
C3N-02589	IE
C3N-03754	D
C3L-02897	D
C3N-04119	F
C3L-01124	D
C3L-04473	IE
C3L-02899	F
C3N-00517	IE
C3N-02010	D
C3N-03665	IE
C3N-03190	IE
C3L-01031	IE
C3L-01971	IE
C3N-02940	IE
C3L-02604	D
C3N-00516	D
C3L-00640	F
C3L-02701	F
C3L-01036	D
C3L-00819	D
C3N-03780	IE/F
C3L-02809	D
C3N-03666	F
C3L-02116	IE/F
C3L-01689	D
C3L-00017	IE
C3N-01381	D
C3L-04475	D
C3L-02463	D
C3L-01662	D
C3L-03635	D
C3N-03000	D
C3L-04853	D
C3L-01637	IE
C3N-00302	D
C3N-03039	D
C3L-03123	IE
C3N-03853	D
C3L-03632	D
C3N-03006	IE
C3N-03430	F
C3N-01716	F
C3L-03743	D
C3L-04479	D
C3N-01502	F
C3L-04080	D
C3L-02606	F
C3N-01168	IE
C3N-03839	D
C3N-01383	F
C3L-03356	D
C3N-00512	IE
C3L-03395	D
C3L-00622	F
C3L-00928	F
C3L-04027	F
C3N-00249	D
C3L-00599	D
C3N-02579	D
C3L-00598	D
C3N-03086	D
C3N-04283	D
C3N-04282	D
C3N-03840	D
C3L-01687	F
C3L-01054	IE
C3N-01388	F
C3N-04126	F
C3L-04848	IE/F
C3L-00401	IE/F
C3L-03630	IE
C3L-02610	D
C3L-00102	F
C3L-03394	IE/F
C3L-01037	D
C3N-02998	IE
C3N-00514	IE/F
C3N-02944	IE
C3N-02971	IE/F
C3N-01011	IE/F
AP-52RG	IE
AP-HKYN	D
AP-5JDU	D
AP-E98M	D
AP-QAHT	F
AP-9PXS	D
AP-8PRJ	F
AP-RQNH	D
AP-HMFR	D
AP-8MWD	IE/F
AP-WTXJ	D
AP-JK59	IE/F
AP-XCJX	IE/F
AP-V6UJ	IE
AP-AAFC	F
AP-B2SL	D
AP-AGZG	IE
AP-KX5B	IE/F
AP-UG7J	IE
AP-DT88	D
AP-B9CH	D
AP-5L2V	D
AP-DM87	D
AP-352Q	D
AP-27JZ	F
AP-EFHT	IE/F
AP-WPAM	D
AP-3FY5	D
AP-EZEX	D
AP-LWHD	IE
AP-9UHJ	IE
AP-TBFQ	IE
AP-9D3B	D
AP-7KJ6	IE/F
AP-JKPX	D
AP-4LRG	IE
AP-2XNK	D
AP-7GDN	D
AP-FX68	D
AP-HML4	D
AP-KXUT	IE
AP-MJ52	F
AP-XSR5	D
AP-D9X4	IE
AP-EPNF	F
AP-4HAU	D
AP-62LT	F
AP-G79N	IE
AP-HFEA	IE/F
AP-NMZS	IE/F
AP-W455	IE
AP-QUHC	D
AP-RA2G	F
AP-QD4Q	IE/F
AP-K24D	F
AP-5MX6	D
AP-MAZ4	IE
AP-JDN4	IE
AP-9LNA	F
AP-DMUM	D
AP-SJVE	IE/F
AP-WDKZ	F
AP-VLXG	D
AP-RBLG	D
AP-94ED	IE
AP-U8MP	IE
AP-AJWE	IE
AP-D35H	D
AP-N8FG	IE
AP-F595	D
AP-DN2V	D
AP-67ZV	F
AP-YF3B	F
AP-E7CU	IE
AP-2E8Q	D
AP-CT3G	D
AP-SS2L	D
AP-KGMR	IE/F
AP-JBET	IE
AP-YTZ8	D
AP-ZLDH	IE
AP-A5NG	F
AP-3336	F
AP-4M7L	IE/F
AP-6EWG	F
AP-MGNN	F
AP-XVLY	F
